{"name":"Light","world_pos":{"x":-4.076245307922363,"y":5.903861999511719,"z":-1.0054539442062379},"intensity":1000.0}